{"target_folder":"54790","files":[{"path":"\\SuiteCommerce SDG\\Suite_Commerce_Base_Theme_ExtraZone@19.2.1\\Modules\\twitter-bootstrap-sass\\3.3.7\\assets\\stylesheets\\bootstrap\\mixins\\_buttons.scss","type":"text/x-scss","contents":"// Button variants\n//\n// Easily pump out default styles, as well as :hover, :focus, :active,\n// and disabled options for all buttons\n\n@mixin button-variant($color, $background, $border) {\n  color: $color;\n  background-color: $background;\n  border-color: $border;\n\n  &:focus,\n  &.focus {\n    color: $color;\n    background-color: darken($background, 10%);\n        border-color: darken($border, 25%);\n  }\n  &:hover {\n    color: $color;\n    background-color: darken($background, 10%);\n        border-color: darken($border, 12%);\n  }\n  &:active,\n  &.active,\n  .open > &.dropdown-toggle {\n    color: $color;\n    background-color: darken($background, 10%);\n        border-color: darken($border, 12%);\n\n    &:hover,\n    &:focus,\n    &.focus {\n      color: $color;\n      background-color: darken($background, 17%);\n          border-color: darken($border, 25%);\n    }\n  }\n  &:active,\n  &.active,\n  .open > &.dropdown-toggle {\n    background-image: none;\n  }\n  &.disabled,\n  &[disabled],\n  fieldset[disabled] & {\n    &:hover,\n    &:focus,\n    &.focus {\n      background-color: $background;\n          border-color: $border;\n    }\n  }\n\n  .badge {\n    color: $background;\n    background-color: $color;\n  }\n}\n\n// Button sizes\n@mixin button-size($padding-vertical, $padding-horizontal, $font-size, $line-height, $border-radius) {\n  padding: $padding-vertical $padding-horizontal;\n  font-size: $font-size;\n  line-height: $line-height;\n  border-radius: $border-radius;\n}\n"},{"path":"\\SuiteCommerce SDG\\Suite_Commerce_Base_Theme_ExtraZone@19.2.1\\Modules\\twitter-bootstrap-sass\\3.3.7\\assets\\stylesheets\\bootstrap\\mixins\\_center-block.scss","type":"text/x-scss","contents":"// Center-align a block level element\n\n@mixin center-block() {\n  display: block;\n  margin-left: auto;\n  margin-right: auto;\n}\n"},{"path":"\\SuiteCommerce SDG\\Suite_Commerce_Base_Theme_ExtraZone@19.2.1\\Modules\\twitter-bootstrap-sass\\3.3.7\\assets\\stylesheets\\bootstrap\\mixins\\_clearfix.scss","type":"text/x-scss","contents":"// Clearfix\n//\n// For modern browsers\n// 1. The space content is one way to avoid an Opera bug when the\n//    contenteditable attribute is included anywhere else in the document.\n//    Otherwise it causes space to appear at the top and bottom of elements\n//    that are clearfixed.\n// 2. The use of `table` rather than `block` is only necessary if using\n//    `:before` to contain the top-margins of child elements.\n//\n// Source: http://nicolasgallagher.com/micro-clearfix-hack/\n\n@mixin clearfix() {\n  &:before,\n  &:after {\n    content: \" \"; // 1\n    display: table; // 2\n  }\n  &:after {\n    clear: both;\n  }\n}\n"},{"path":"\\SuiteCommerce SDG\\Suite_Commerce_Base_Theme_ExtraZone@19.2.1\\Modules\\twitter-bootstrap-sass\\3.3.7\\assets\\stylesheets\\bootstrap\\mixins\\_forms.scss","type":"text/x-scss","contents":"// Form validation states\n//\n// Used in forms.less to generate the form validation CSS for warnings, errors,\n// and successes.\n\n@mixin form-control-validation($text-color: #555, $border-color: #ccc, $background-color: #f5f5f5) {\n  // Color the label and help text\n  .help-block,\n  .control-label,\n  .radio,\n  .checkbox,\n  .radio-inline,\n  .checkbox-inline,\n  &.radio label,\n  &.checkbox label,\n  &.radio-inline label,\n  &.checkbox-inline label  {\n    color: $text-color;\n  }\n  // Set the border and box shadow on specific inputs to match\n  .form-control {\n    border-color: $border-color;\n    @include box-shadow(inset 0 1px 1px rgba(0,0,0,.075)); // Redeclare so transitions work\n    &:focus {\n      border-color: darken($border-color, 10%);\n      $shadow: inset 0 1px 1px rgba(0,0,0,.075), 0 0 6px lighten($border-color, 20%);\n      @include box-shadow($shadow);\n    }\n  }\n  // Set validation states also for addons\n  .input-group-addon {\n    color: $text-color;\n    border-color: $border-color;\n    background-color: $background-color;\n  }\n  // Optional feedback icon\n  .form-control-feedback {\n    color: $text-color;\n  }\n}\n\n\n// Form control focus state\n//\n// Generate a customized focus state and for any input with the specified color,\n// which defaults to the `$input-border-focus` variable.\n//\n// We highly encourage you to not customize the default value, but instead use\n// this to tweak colors on an as-needed basis. This aesthetic change is based on\n// WebKit's default styles, but applicable to a wider range of browsers. Its\n// usability and accessibility should be taken into account with any change.\n//\n// Example usage: change the default blue border and shadow to white for better\n// contrast against a dark gray background.\n@mixin form-control-focus($color: $input-border-focus) {\n  $color-rgba: rgba(red($color), green($color), blue($color), .6);\n  &:focus {\n    border-color: $color;\n    outline: 0;\n    @include box-shadow(inset 0 1px 1px rgba(0,0,0,.075), 0 0 8px $color-rgba);\n  }\n}\n\n// Form control sizing\n//\n// Relative text size, padding, and border-radii changes for form controls. For\n// horizontal sizing, wrap controls in the predefined grid classes. `<select>`\n// element gets special love because it's special, and that's a fact!\n// [converter] $parent hack\n@mixin input-size($parent, $input-height, $padding-vertical, $padding-horizontal, $font-size, $line-height, $border-radius) {\n  #{$parent} {\n    height: $input-height;\n    padding: $padding-vertical $padding-horizontal;\n    font-size: $font-size;\n    line-height: $line-height;\n    border-radius: $border-radius;\n  }\n\n  select#{$parent} {\n    height: $input-height;\n    line-height: $input-height;\n  }\n\n  textarea#{$parent},\n  select[multiple]#{$parent} {\n    height: auto;\n  }\n}\n"},{"path":"\\SuiteCommerce SDG\\Suite_Commerce_Base_Theme_ExtraZone@19.2.1\\Modules\\twitter-bootstrap-sass\\3.3.7\\assets\\stylesheets\\bootstrap\\mixins\\_gradients.scss","type":"text/x-scss","contents":"// Gradients\n\n\n\n// Horizontal gradient, from left to right\n//\n// Creates two color stops, start and end, by specifying a color and position for each color stop.\n// Color stops are not available in IE9 and below.\n@mixin gradient-horizontal($start-color: #555, $end-color: #333, $start-percent: 0%, $end-percent: 100%) {\n  background-image: -webkit-linear-gradient(left, $start-color $start-percent, $end-color $end-percent); // Safari 5.1-6, Chrome 10+\n  background-image: -o-linear-gradient(left, $start-color $start-percent, $end-color $end-percent); // Opera 12\n  background-image: linear-gradient(to right, $start-color $start-percent, $end-color $end-percent); // Standard, IE10, Firefox 16+, Opera 12.10+, Safari 7+, Chrome 26+\n  background-repeat: repeat-x;\n  filter: progid:DXImageTransform.Microsoft.gradient(startColorstr='#{ie-hex-str($start-color)}', endColorstr='#{ie-hex-str($end-color)}', GradientType=1); // IE9 and down\n}\n\n// Vertical gradient, from top to bottom\n//\n// Creates two color stops, start and end, by specifying a color and position for each color stop.\n// Color stops are not available in IE9 and below.\n@mixin gradient-vertical($start-color: #555, $end-color: #333, $start-percent: 0%, $end-percent: 100%) {\n  background-image: -webkit-linear-gradient(top, $start-color $start-percent, $end-color $end-percent);  // Safari 5.1-6, Chrome 10+\n  background-image: -o-linear-gradient(top, $start-color $start-percent, $end-color $end-percent);  // Opera 12\n  background-image: linear-gradient(to bottom, $start-color $start-percent, $end-color $end-percent); // Standard, IE10, Firefox 16+, Opera 12.10+, Safari 7+, Chrome 26+\n  background-repeat: repeat-x;\n  filter: progid:DXImageTransform.Microsoft.gradient(startColorstr='#{ie-hex-str($start-color)}', endColorstr='#{ie-hex-str($end-color)}', GradientType=0); // IE9 and down\n}\n\n@mixin gradient-directional($start-color: #555, $end-color: #333, $deg: 45deg) {\n  background-repeat: repeat-x;\n  background-image: -webkit-linear-gradient($deg, $start-color, $end-color); // Safari 5.1-6, Chrome 10+\n  background-image: -o-linear-gradient($deg, $start-color, $end-color); // Opera 12\n  background-image: linear-gradient($deg, $start-color, $end-color); // Standard, IE10, Firefox 16+, Opera 12.10+, Safari 7+, Chrome 26+\n}\n@mixin gradient-horizontal-three-colors($start-color: #00b3ee, $mid-color: #7a43b6, $color-stop: 50%, $end-color: #c3325f) {\n  background-image: -webkit-linear-gradient(left, $start-color, $mid-color $color-stop, $end-color);\n  background-image: -o-linear-gradient(left, $start-color, $mid-color $color-stop, $end-color);\n  background-image: linear-gradient(to right, $start-color, $mid-color $color-stop, $end-color);\n  background-repeat: no-repeat;\n  filter: progid:DXImageTransform.Microsoft.gradient(startColorstr='#{ie-hex-str($start-color)}', endColorstr='#{ie-hex-str($end-color)}', GradientType=1); // IE9 and down, gets no color-stop at all for proper fallback\n}\n@mixin gradient-vertical-three-colors($start-color: #00b3ee, $mid-color: #7a43b6, $color-stop: 50%, $end-color: #c3325f) {\n  background-image: -webkit-linear-gradient($start-color, $mid-color $color-stop, $end-color);\n  background-image: -o-linear-gradient($start-color, $mid-color $color-stop, $end-color);\n  background-image: linear-gradient($start-color, $mid-color $color-stop, $end-color);\n  background-repeat: no-repeat;\n  filter: progid:DXImageTransform.Microsoft.gradient(startColorstr='#{ie-hex-str($start-color)}', endColorstr='#{ie-hex-str($end-color)}', GradientType=0); // IE9 and down, gets no color-stop at all for proper fallback\n}\n@mixin gradient-radial($inner-color: #555, $outer-color: #333) {\n  background-image: -webkit-radial-gradient(circle, $inner-color, $outer-color);\n  background-image: radial-gradient(circle, $inner-color, $outer-color);\n  background-repeat: no-repeat;\n}\n@mixin gradient-striped($color: rgba(255,255,255,.15), $angle: 45deg) {\n  background-image: -webkit-linear-gradient($angle, $color 25%, transparent 25%, transparent 50%, $color 50%, $color 75%, transparent 75%, transparent);\n  background-image: -o-linear-gradient($angle, $color 25%, transparent 25%, transparent 50%, $color 50%, $color 75%, transparent 75%, transparent);\n  background-image: linear-gradient($angle, $color 25%, transparent 25%, transparent 50%, $color 50%, $color 75%, transparent 75%, transparent);\n}\n"},{"path":"\\SuiteCommerce SDG\\Suite_Commerce_Base_Theme_ExtraZone@19.2.1\\Modules\\twitter-bootstrap-sass\\3.3.7\\assets\\stylesheets\\bootstrap\\mixins\\_grid-framework.scss","type":"text/x-scss","contents":"// Framework grid generation\n//\n// Used only by Bootstrap to generate the correct number of grid classes given\n// any value of `$grid-columns`.\n\n// [converter] This is defined recursively in LESS, but Sass supports real loops\n@mixin make-grid-columns($i: 1, $list: \".col-xs-#{$i}, .col-sm-#{$i}, .col-md-#{$i}, .col-lg-#{$i}\") {\n  @for $i from (1 + 1) through $grid-columns {\n    $list: \"#{$list}, .col-xs-#{$i}, .col-sm-#{$i}, .col-md-#{$i}, .col-lg-#{$i}\";\n  }\n  #{$list} {\n    position: relative;\n    // Prevent columns from collapsing when empty\n    min-height: 1px;\n    // Inner gutter via padding\n    padding-left:  ceil(($grid-gutter-width / 2));\n    padding-right: floor(($grid-gutter-width / 2));\n  }\n}\n\n\n// [converter] This is defined recursively in LESS, but Sass supports real loops\n@mixin float-grid-columns($class, $i: 1, $list: \".col-#{$class}-#{$i}\") {\n  @for $i from (1 + 1) through $grid-columns {\n    $list: \"#{$list}, .col-#{$class}-#{$i}\";\n  }\n  #{$list} {\n    float: left;\n  }\n}\n\n\n@mixin calc-grid-column($index, $class, $type) {\n  @if ($type == width) and ($index > 0) {\n    .col-#{$class}-#{$index} {\n      width: percentage(($index / $grid-columns));\n    }\n  }\n  @if ($type == push) and ($index > 0) {\n    .col-#{$class}-push-#{$index} {\n      left: percentage(($index / $grid-columns));\n    }\n  }\n  @if ($type == push) and ($index == 0) {\n    .col-#{$class}-push-0 {\n      left: auto;\n    }\n  }\n  @if ($type == pull) and ($index > 0) {\n    .col-#{$class}-pull-#{$index} {\n      right: percentage(($index / $grid-columns));\n    }\n  }\n  @if ($type == pull) and ($index == 0) {\n    .col-#{$class}-pull-0 {\n      right: auto;\n    }\n  }\n  @if ($type == offset) {\n    .col-#{$class}-offset-#{$index} {\n      margin-left: percentage(($index / $grid-columns));\n    }\n  }\n}\n\n// [converter] This is defined recursively in LESS, but Sass supports real loops\n@mixin loop-grid-columns($columns, $class, $type) {\n  @for $i from 0 through $columns {\n    @include calc-grid-column($i, $class, $type);\n  }\n}\n\n\n// Create grid for specific class\n@mixin make-grid($class) {\n  @include float-grid-columns($class);\n  @include loop-grid-columns($grid-columns, $class, width);\n  @include loop-grid-columns($grid-columns, $class, pull);\n  @include loop-grid-columns($grid-columns, $class, push);\n  @include loop-grid-columns($grid-columns, $class, offset);\n}\n"},{"path":"\\SuiteCommerce SDG\\Suite_Commerce_Base_Theme_ExtraZone@19.2.1\\Modules\\twitter-bootstrap-sass\\3.3.7\\assets\\stylesheets\\bootstrap\\mixins\\_grid.scss","type":"text/x-scss","contents":"// Grid system\n//\n// Generate semantic grid columns with these mixins.\n\n// Centered container element\n@mixin container-fixed($gutter: $grid-gutter-width) {\n  margin-right: auto;\n  margin-left: auto;\n  padding-left:  floor(($gutter / 2));\n  padding-right: ceil(($gutter / 2));\n  @include clearfix;\n}\n\n// Creates a wrapper for a series of columns\n@mixin make-row($gutter: $grid-gutter-width) {\n  margin-left:  ceil(($gutter / -2));\n  margin-right: floor(($gutter / -2));\n  @include clearfix;\n}\n\n// Generate the extra small columns\n@mixin make-xs-column($columns, $gutter: $grid-gutter-width) {\n  position: relative;\n  float: left;\n  width: percentage(($columns / $grid-columns));\n  min-height: 1px;\n  padding-left:  ($gutter / 2);\n  padding-right: ($gutter / 2);\n}\n@mixin make-xs-column-offset($columns) {\n  margin-left: percentage(($columns / $grid-columns));\n}\n@mixin make-xs-column-push($columns) {\n  left: percentage(($columns / $grid-columns));\n}\n@mixin make-xs-column-pull($columns) {\n  right: percentage(($columns / $grid-columns));\n}\n\n// Generate the small columns\n@mixin make-sm-column($columns, $gutter: $grid-gutter-width) {\n  position: relative;\n  min-height: 1px;\n  padding-left:  ($gutter / 2);\n  padding-right: ($gutter / 2);\n\n  @media (min-width: $screen-sm-min) {\n    float: left;\n    width: percentage(($columns / $grid-columns));\n  }\n}\n@mixin make-sm-column-offset($columns) {\n  @media (min-width: $screen-sm-min) {\n    margin-left: percentage(($columns / $grid-columns));\n  }\n}\n@mixin make-sm-column-push($columns) {\n  @media (min-width: $screen-sm-min) {\n    left: percentage(($columns / $grid-columns));\n  }\n}\n@mixin make-sm-column-pull($columns) {\n  @media (min-width: $screen-sm-min) {\n    right: percentage(($columns / $grid-columns));\n  }\n}\n\n// Generate the medium columns\n@mixin make-md-column($columns, $gutter: $grid-gutter-width) {\n  position: relative;\n  min-height: 1px;\n  padding-left:  ($gutter / 2);\n  padding-right: ($gutter / 2);\n\n  @media (min-width: $screen-md-min) {\n    float: left;\n    width: percentage(($columns / $grid-columns));\n  }\n}\n@mixin make-md-column-offset($columns) {\n  @media (min-width: $screen-md-min) {\n    margin-left: percentage(($columns / $grid-columns));\n  }\n}\n@mixin make-md-column-push($columns) {\n  @media (min-width: $screen-md-min) {\n    left: percentage(($columns / $grid-columns));\n  }\n}\n@mixin make-md-column-pull($columns) {\n  @media (min-width: $screen-md-min) {\n    right: percentage(($columns / $grid-columns));\n  }\n}\n\n// Generate the large columns\n@mixin make-lg-column($columns, $gutter: $grid-gutter-width) {\n  position: relative;\n  min-height: 1px;\n  padding-left:  ($gutter / 2);\n  padding-right: ($gutter / 2);\n\n  @media (min-width: $screen-lg-min) {\n    float: left;\n    width: percentage(($columns / $grid-columns));\n  }\n}\n@mixin make-lg-column-offset($columns) {\n  @media (min-width: $screen-lg-min) {\n    margin-left: percentage(($columns / $grid-columns));\n  }\n}\n@mixin make-lg-column-push($columns) {\n  @media (min-width: $screen-lg-min) {\n    left: percentage(($columns / $grid-columns));\n  }\n}\n@mixin make-lg-column-pull($columns) {\n  @media (min-width: $screen-lg-min) {\n    right: percentage(($columns / $grid-columns));\n  }\n}\n"},{"path":"\\SuiteCommerce SDG\\Suite_Commerce_Base_Theme_ExtraZone@19.2.1\\Modules\\twitter-bootstrap-sass\\3.3.7\\assets\\stylesheets\\bootstrap\\mixins\\_hide-text.scss","type":"text/x-scss","contents":"// CSS image replacement\n//\n// Heads up! v3 launched with only `.hide-text()`, but per our pattern for\n// mixins being reused as classes with the same name, this doesn't hold up. As\n// of v3.0.1 we have added `.text-hide()` and deprecated `.hide-text()`.\n//\n// Source: https://github.com/h5bp/html5-boilerplate/commit/aa0396eae757\n\n// Deprecated as of v3.0.1 (has been removed in v4)\n@mixin hide-text() {\n  font: 0/0 a;\n  color: transparent;\n  text-shadow: none;\n  background-color: transparent;\n  border: 0;\n}\n\n// New mixin to use as of v3.0.1\n@mixin text-hide() {\n  @include hide-text;\n}\n"},{"path":"\\SuiteCommerce SDG\\Suite_Commerce_Base_Theme_ExtraZone@19.2.1\\Modules\\twitter-bootstrap-sass\\3.3.7\\assets\\stylesheets\\bootstrap\\mixins\\_image.scss","type":"text/x-scss","contents":"// Image Mixins\n// - Responsive image\n// - Retina image\n\n\n// Responsive image\n//\n// Keep images from scaling beyond the width of their parents.\n@mixin img-responsive($display: block) {\n  display: $display;\n  max-width: 100%; // Part 1: Set a maximum relative to the parent\n  height: auto; // Part 2: Scale the height according to the width, otherwise you get stretching\n}\n\n\n// Retina image\n//\n// Short retina mixin for setting background-image and -size. Note that the\n// spelling of `min--moz-device-pixel-ratio` is intentional.\n@mixin img-retina($file-1x, $file-2x, $width-1x, $height-1x) {\n  background-image: url(if($bootstrap-sass-asset-helper, twbs-image-path(\"#{$file-1x}\"), \"#{$file-1x}\"));\n\n  @media\n  only screen and (-webkit-min-device-pixel-ratio: 2),\n  only screen and (   min--moz-device-pixel-ratio: 2),\n  only screen and (     -o-min-device-pixel-ratio: 2/1),\n  only screen and (        min-device-pixel-ratio: 2),\n  only screen and (                min-resolution: 192dpi),\n  only screen and (                min-resolution: 2dppx) {\n    background-image: url(if($bootstrap-sass-asset-helper, twbs-image-path(\"#{$file-2x}\"), \"#{$file-2x}\"));\n    background-size: $width-1x $height-1x;\n  }\n}\n"},{"path":"\\SuiteCommerce SDG\\Suite_Commerce_Base_Theme_ExtraZone@19.2.1\\Modules\\twitter-bootstrap-sass\\3.3.7\\assets\\stylesheets\\bootstrap\\mixins\\_labels.scss","type":"text/x-scss","contents":"// Labels\n\n@mixin label-variant($color) {\n  background-color: $color;\n\n  &[href] {\n    &:hover,\n    &:focus {\n      background-color: darken($color, 10%);\n    }\n  }\n}\n"},{"path":"\\SuiteCommerce SDG\\Suite_Commerce_Base_Theme_ExtraZone@19.2.1\\Modules\\twitter-bootstrap-sass\\3.3.7\\assets\\stylesheets\\bootstrap\\mixins\\_list-group.scss","type":"text/x-scss","contents":"// List Groups\n\n@mixin list-group-item-variant($state, $background, $color) {\n  .list-group-item-#{$state} {\n    color: $color;\n    background-color: $background;\n\n    // [converter] extracted a&, button& to a.list-group-item-#{$state}, button.list-group-item-#{$state}\n  }\n\n  a.list-group-item-#{$state},\n  button.list-group-item-#{$state} {\n    color: $color;\n\n    .list-group-item-heading {\n      color: inherit;\n    }\n\n    &:hover,\n    &:focus {\n      color: $color;\n      background-color: darken($background, 5%);\n    }\n    &.active,\n    &.active:hover,\n    &.active:focus {\n      color: #fff;\n      background-color: $color;\n      border-color: $color;\n    }\n  }\n}\n"},{"path":"\\SuiteCommerce SDG\\Suite_Commerce_Base_Theme_ExtraZone@19.2.1\\Modules\\twitter-bootstrap-sass\\3.3.7\\assets\\stylesheets\\bootstrap\\mixins\\_nav-divider.scss","type":"text/x-scss","contents":"// Horizontal dividers\n//\n// Dividers (basically an hr) within dropdowns and nav lists\n\n@mixin nav-divider($color: #e5e5e5) {\n  height: 1px;\n  margin: (($line-height-computed / 2) - 1) 0;\n  overflow: hidden;\n  background-color: $color;\n}\n"},{"path":"\\SuiteCommerce SDG\\Suite_Commerce_Base_Theme_ExtraZone@19.2.1\\Modules\\twitter-bootstrap-sass\\3.3.7\\assets\\stylesheets\\bootstrap\\mixins\\_nav-vertical-align.scss","type":"text/x-scss","contents":"// Navbar vertical align\n//\n// Vertically center elements in the navbar.\n// Example: an element has a height of 30px, so write out `.navbar-vertical-align(30px);` to calculate the appropriate top margin.\n\n@mixin navbar-vertical-align($element-height) {\n  margin-top: (($navbar-height - $element-height) / 2);\n  margin-bottom: (($navbar-height - $element-height) / 2);\n}\n"},{"path":"\\SuiteCommerce SDG\\Suite_Commerce_Base_Theme_ExtraZone@19.2.1\\Modules\\twitter-bootstrap-sass\\3.3.7\\assets\\stylesheets\\bootstrap\\mixins\\_opacity.scss","type":"text/x-scss","contents":"// Opacity\n\n@mixin opacity($opacity) {\n  opacity: $opacity;\n  // IE8 filter\n  $opacity-ie: ($opacity * 100);\n  filter: alpha(opacity=$opacity-ie);\n}\n"},{"path":"\\SuiteCommerce SDG\\Suite_Commerce_Base_Theme_ExtraZone@19.2.1\\Modules\\twitter-bootstrap-sass\\3.3.7\\assets\\stylesheets\\bootstrap\\mixins\\_pagination.scss","type":"text/x-scss","contents":"// Pagination\n\n@mixin pagination-size($padding-vertical, $padding-horizontal, $font-size, $line-height, $border-radius) {\n  > li {\n    > a,\n    > span {\n      padding: $padding-vertical $padding-horizontal;\n      font-size: $font-size;\n      line-height: $line-height;\n    }\n    &:first-child {\n      > a,\n      > span {\n        @include border-left-radius($border-radius);\n      }\n    }\n    &:last-child {\n      > a,\n      > span {\n        @include border-right-radius($border-radius);\n      }\n    }\n  }\n}\n"},{"path":"\\SuiteCommerce SDG\\Suite_Commerce_Base_Theme_ExtraZone@19.2.1\\Modules\\twitter-bootstrap-sass\\3.3.7\\assets\\stylesheets\\bootstrap\\mixins\\_panels.scss","type":"text/x-scss","contents":"// Panels\n\n@mixin panel-variant($border, $heading-text-color, $heading-bg-color, $heading-border) {\n  border-color: $border;\n\n  & > .panel-heading {\n    color: $heading-text-color;\n    background-color: $heading-bg-color;\n    border-color: $heading-border;\n\n    + .panel-collapse > .panel-body {\n      border-top-color: $border;\n    }\n    .badge {\n      color: $heading-bg-color;\n      background-color: $heading-text-color;\n    }\n  }\n  & > .panel-footer {\n    + .panel-collapse > .panel-body {\n      border-bottom-color: $border;\n    }\n  }\n}\n"},{"path":"\\SuiteCommerce SDG\\Suite_Commerce_Base_Theme_ExtraZone@19.2.1\\Modules\\twitter-bootstrap-sass\\3.3.7\\assets\\stylesheets\\bootstrap\\mixins\\_progress-bar.scss","type":"text/x-scss","contents":"// Progress bars\n\n@mixin progress-bar-variant($color) {\n  background-color: $color;\n\n  // Deprecated parent class requirement as of v3.2.0\n  .progress-striped & {\n    @include gradient-striped;\n  }\n}\n"},{"path":"\\SuiteCommerce SDG\\Suite_Commerce_Base_Theme_ExtraZone@19.2.1\\Modules\\twitter-bootstrap-sass\\3.3.7\\assets\\stylesheets\\bootstrap\\mixins\\_reset-filter.scss","type":"text/x-scss","contents":"// Reset filters for IE\n//\n// When you need to remove a gradient background, do not forget to use this to reset\n// the IE filter for IE9 and below.\n\n@mixin reset-filter() {\n  filter: progid:DXImageTransform.Microsoft.gradient(enabled = false);\n}\n"},{"path":"\\SuiteCommerce SDG\\Suite_Commerce_Base_Theme_ExtraZone@19.2.1\\Modules\\twitter-bootstrap-sass\\3.3.7\\assets\\stylesheets\\bootstrap\\mixins\\_reset-text.scss","type":"text/x-scss","contents":"@mixin reset-text() {\n  font-family: $font-family-base;\n  // We deliberately do NOT reset font-size.\n  font-style: normal;\n  font-weight: normal;\n  letter-spacing: normal;\n  line-break: auto;\n  line-height: $line-height-base;\n  text-align: left; // Fallback for where `start` is not supported\n  text-align: start;\n  text-decoration: none;\n  text-shadow: none;\n  text-transform: none;\n  white-space: normal;\n  word-break: normal;\n  word-spacing: normal;\n  word-wrap: normal;\n}\n"},{"path":"\\SuiteCommerce SDG\\Suite_Commerce_Base_Theme_ExtraZone@19.2.1\\Modules\\twitter-bootstrap-sass\\3.3.7\\assets\\stylesheets\\bootstrap\\mixins\\_resize.scss","type":"text/x-scss","contents":"// Resize anything\n\n@mixin resizable($direction) {\n  resize: $direction; // Options: horizontal, vertical, both\n  overflow: auto; // Per CSS3 UI, `resize` only applies when `overflow` isn't `visible`\n}\n"},{"path":"\\SuiteCommerce SDG\\Suite_Commerce_Base_Theme_ExtraZone@19.2.1\\Modules\\twitter-bootstrap-sass\\3.3.7\\assets\\stylesheets\\bootstrap\\mixins\\_responsive-visibility.scss","type":"text/x-scss","contents":"// Responsive utilities\n\n//\n// More easily include all the states for responsive-utilities.less.\n// [converter] $parent hack\n@mixin responsive-visibility($parent) {\n  #{$parent} {\n    display: block !important;\n  }\n  table#{$parent}  { display: table !important; }\n  tr#{$parent}     { display: table-row !important; }\n  th#{$parent},\n  td#{$parent}     { display: table-cell !important; }\n}\n\n// [converter] $parent hack\n@mixin responsive-invisibility($parent) {\n  #{$parent} {\n    display: none !important;\n  }\n}\n"},{"path":"\\SuiteCommerce SDG\\Suite_Commerce_Base_Theme_ExtraZone@19.2.1\\Modules\\twitter-bootstrap-sass\\3.3.7\\assets\\stylesheets\\bootstrap\\mixins\\_size.scss","type":"text/x-scss","contents":"// Sizing shortcuts\n\n@mixin size($width, $height) {\n  width: $width;\n  height: $height;\n}\n\n@mixin square($size) {\n  @include size($size, $size);\n}\n"},{"path":"\\SuiteCommerce SDG\\Suite_Commerce_Base_Theme_ExtraZone@19.2.1\\Modules\\twitter-bootstrap-sass\\3.3.7\\assets\\stylesheets\\bootstrap\\mixins\\_tab-focus.scss","type":"text/x-scss","contents":"// WebKit-style focus\n\n@mixin tab-focus() {\n  // WebKit-specific. Other browsers will keep their default outline style.\n  // (Initially tried to also force default via `outline: initial`,\n  // but that seems to erroneously remove the outline in Firefox altogether.)\n  outline: 5px auto -webkit-focus-ring-color;\n  outline-offset: -2px;\n}\n"},{"path":"\\SuiteCommerce SDG\\Suite_Commerce_Base_Theme_ExtraZone@19.2.1\\Modules\\twitter-bootstrap-sass\\3.3.7\\assets\\stylesheets\\bootstrap\\mixins\\_table-row.scss","type":"text/x-scss","contents":"// Tables\n\n@mixin table-row-variant($state, $background) {\n  // Exact selectors below required to override `.table-striped` and prevent\n  // inheritance to nested tables.\n  .table > thead > tr,\n  .table > tbody > tr,\n  .table > tfoot > tr {\n    > td.#{$state},\n    > th.#{$state},\n    &.#{$state} > td,\n    &.#{$state} > th {\n      background-color: $background;\n    }\n  }\n\n  // Hover states for `.table-hover`\n  // Note: this is not available for cells or rows within `thead` or `tfoot`.\n  .table-hover > tbody > tr {\n    > td.#{$state}:hover,\n    > th.#{$state}:hover,\n    &.#{$state}:hover > td,\n    &:hover > .#{$state},\n    &.#{$state}:hover > th {\n      background-color: darken($background, 5%);\n    }\n  }\n}\n"},{"path":"\\SuiteCommerce SDG\\Suite_Commerce_Base_Theme_ExtraZone@19.2.1\\Modules\\twitter-bootstrap-sass\\3.3.7\\assets\\stylesheets\\bootstrap\\mixins\\_text-emphasis.scss","type":"text/x-scss","contents":"// Typography\n\n// [converter] $parent hack\n@mixin text-emphasis-variant($parent, $color) {\n  #{$parent} {\n    color: $color;\n  }\n  a#{$parent}:hover,\n  a#{$parent}:focus {\n    color: darken($color, 10%);\n  }\n}\n"},{"path":"\\SuiteCommerce SDG\\Suite_Commerce_Base_Theme_ExtraZone@19.2.1\\Modules\\twitter-bootstrap-sass\\3.3.7\\assets\\stylesheets\\bootstrap\\mixins\\_text-overflow.scss","type":"text/x-scss","contents":"// Text overflow\n// Requires inline-block or block for proper styling\n\n@mixin text-overflow() {\n  overflow: hidden;\n  text-overflow: ellipsis;\n  white-space: nowrap;\n}\n"},{"path":"\\SuiteCommerce SDG\\Suite_Commerce_Base_Theme_ExtraZone@19.2.1\\Modules\\twitter-bootstrap-sass\\3.3.7\\assets\\stylesheets\\bootstrap\\mixins\\_vendor-prefixes.scss","type":"text/x-scss","contents":"// Vendor Prefixes\n//\n// All vendor mixins are deprecated as of v3.2.0 due to the introduction of\n// Autoprefixer in our Gruntfile. They have been removed in v4.\n\n// - Animations\n// - Backface visibility\n// - Box shadow\n// - Box sizing\n// - Content columns\n// - Hyphens\n// - Placeholder text\n// - Transformations\n// - Transitions\n// - User Select\n\n\n// Animations\n@mixin animation($animation) {\n  -webkit-animation: $animation;\n       -o-animation: $animation;\n          animation: $animation;\n}\n@mixin animation-name($name) {\n  -webkit-animation-name: $name;\n          animation-name: $name;\n}\n@mixin animation-duration($duration) {\n  -webkit-animation-duration: $duration;\n          animation-duration: $duration;\n}\n@mixin animation-timing-function($timing-function) {\n  -webkit-animation-timing-function: $timing-function;\n          animation-timing-function: $timing-function;\n}\n@mixin animation-delay($delay) {\n  -webkit-animation-delay: $delay;\n          animation-delay: $delay;\n}\n@mixin animation-iteration-count($iteration-count) {\n  -webkit-animation-iteration-count: $iteration-count;\n          animation-iteration-count: $iteration-count;\n}\n@mixin animation-direction($direction) {\n  -webkit-animation-direction: $direction;\n          animation-direction: $direction;\n}\n@mixin animation-fill-mode($fill-mode) {\n  -webkit-animation-fill-mode: $fill-mode;\n          animation-fill-mode: $fill-mode;\n}\n\n// Backface visibility\n// Prevent browsers from flickering when using CSS 3D transforms.\n// Default value is `visible`, but can be changed to `hidden`\n\n@mixin backface-visibility($visibility) {\n  -webkit-backface-visibility: $visibility;\n     -moz-backface-visibility: $visibility;\n          backface-visibility: $visibility;\n}\n\n// Drop shadows\n//\n// Note: Deprecated `.box-shadow()` as of v3.1.0 since all of Bootstrap's\n// supported browsers that have box shadow capabilities now support it.\n\n@mixin box-shadow($shadow...) {\n  -webkit-box-shadow: $shadow; // iOS <4.3 & Android <4.1\n          box-shadow: $shadow;\n}\n\n// Box sizing\n@mixin box-sizing($boxmodel) {\n  -webkit-box-sizing: $boxmodel;\n     -moz-box-sizing: $boxmodel;\n          box-sizing: $boxmodel;\n}\n\n// CSS3 Content Columns\n@mixin content-columns($column-count, $column-gap: $grid-gutter-width) {\n  -webkit-column-count: $column-count;\n     -moz-column-count: $column-count;\n          column-count: $column-count;\n  -webkit-column-gap: $column-gap;\n     -moz-column-gap: $column-gap;\n          column-gap: $column-gap;\n}\n\n// Optional hyphenation\n@mixin hyphens($mode: auto) {\n  word-wrap: break-word;\n  -webkit-hyphens: $mode;\n     -moz-hyphens: $mode;\n      -ms-hyphens: $mode; // IE10+\n       -o-hyphens: $mode;\n          hyphens: $mode;\n}\n\n// Placeholder text\n@mixin placeholder($color: $input-color-placeholder) {\n  // Firefox\n  &::-moz-placeholder {\n    color: $color;\n    opacity: 1; // Override Firefox's unusual default opacity; see https://github.com/twbs/bootstrap/pull/11526\n  }\n  &:-ms-input-placeholder { color: $color; } // Internet Explorer 10+\n  &::-webkit-input-placeholder  { color: $color; } // Safari and Chrome\n}\n\n// Transformations\n@mixin scale($ratio...) {\n  -webkit-transform: scale($ratio);\n      -ms-transform: scale($ratio); // IE9 only\n       -o-transform: scale($ratio);\n          transform: scale($ratio);\n}\n\n@mixin scaleX($ratio) {\n  -webkit-transform: scaleX($ratio);\n      -ms-transform: scaleX($ratio); // IE9 only\n       -o-transform: scaleX($ratio);\n          transform: scaleX($ratio);\n}\n@mixin scaleY($ratio) {\n  -webkit-transform: scaleY($ratio);\n      -ms-transform: scaleY($ratio); // IE9 only\n       -o-transform: scaleY($ratio);\n          transform: scaleY($ratio);\n}\n@mixin skew($x, $y) {\n  -webkit-transform: skewX($x) skewY($y);\n      -ms-transform: skewX($x) skewY($y); // See https://github.com/twbs/bootstrap/issues/4885; IE9+\n       -o-transform: skewX($x) skewY($y);\n          transform: skewX($x) skewY($y);\n}\n@mixin translate($x, $y) {\n  -webkit-transform: translate($x, $y);\n      -ms-transform: translate($x, $y); // IE9 only\n       -o-transform: translate($x, $y);\n          transform: translate($x, $y);\n}\n@mixin translate3d($x, $y, $z) {\n  -webkit-transform: translate3d($x, $y, $z);\n          transform: translate3d($x, $y, $z);\n}\n@mixin rotate($degrees) {\n  -webkit-transform: rotate($degrees);\n      -ms-transform: rotate($degrees); // IE9 only\n       -o-transform: rotate($degrees);\n          transform: rotate($degrees);\n}\n@mixin rotateX($degrees) {\n  -webkit-transform: rotateX($degrees);\n      -ms-transform: rotateX($degrees); // IE9 only\n       -o-transform: rotateX($degrees);\n          transform: rotateX($degrees);\n}\n@mixin rotateY($degrees) {\n  -webkit-transform: rotateY($degrees);\n      -ms-transform: rotateY($degrees); // IE9 only\n       -o-transform: rotateY($degrees);\n          transform: rotateY($degrees);\n}\n@mixin perspective($perspective) {\n  -webkit-perspective: $perspective;\n     -moz-perspective: $perspective;\n          perspective: $perspective;\n}\n@mixin perspective-origin($perspective) {\n  -webkit-perspective-origin: $perspective;\n     -moz-perspective-origin: $perspective;\n          perspective-origin: $perspective;\n}\n@mixin transform-origin($origin) {\n  -webkit-transform-origin: $origin;\n     -moz-transform-origin: $origin;\n      -ms-transform-origin: $origin; // IE9 only\n          transform-origin: $origin;\n}\n\n\n// Transitions\n\n@mixin transition($transition...) {\n  -webkit-transition: $transition;\n       -o-transition: $transition;\n          transition: $transition;\n}\n@mixin transition-property($transition-property...) {\n  -webkit-transition-property: $transition-property;\n          transition-property: $transition-property;\n}\n@mixin transition-delay($transition-delay) {\n  -webkit-transition-delay: $transition-delay;\n          transition-delay: $transition-delay;\n}\n@mixin transition-duration($transition-duration...) {\n  -webkit-transition-duration: $transition-duration;\n          transition-duration: $transition-duration;\n}\n@mixin transition-timing-function($timing-function) {\n  -webkit-transition-timing-function: $timing-function;\n          transition-timing-function: $timing-function;\n}\n@mixin transition-transform($transition...) {\n  -webkit-transition: -webkit-transform $transition;\n     -moz-transition: -moz-transform $transition;\n       -o-transition: -o-transform $transition;\n          transition: transform $transition;\n}\n\n\n// User select\n// For selecting text on the page\n\n@mixin user-select($select) {\n  -webkit-user-select: $select;\n     -moz-user-select: $select;\n      -ms-user-select: $select; // IE10+\n          user-select: $select;\n}\n"},{"path":"\\SuiteCommerce SDG\\Suite_Commerce_Base_Theme_ExtraZone@19.2.1\\Modules\\Wizard\\Sass\\_wizard-step-navigation.scss","type":"text/x-scss","contents":".wizard-step-navigation {\n\t@extend .stepped-process;\n}\n\n.wizard-step-navigation-back {\n\t@extend .stepped-process-button-back;\n}\n\n.wizard-step-navigation-menu {\n\t@extend .stepped-process-menu;\n}\n\n.wizard-step-navigation-step-anchor {\n\t@extend .stepped-process-step-anchor;\n}\n\n.wizard-step-navigation-disabled {\n\t@extend .stepped-process-step-disabled;\n}\n\n.wizard-step-navigation-active {\n\t@extend .stepped-process-step-active;\n}\n\n.wizard-step-navigation-step {\n\t@extend .stepped-process-step;\n}\n\n.wizard-step-navigation-divider,\n.wizard-step-navigation-step-anchor-label {\n\t@extend .stepped-process-step-anchor-label;\n}\n\n.wizard-step-navigation-divider {\n\t@extend .stepped-process-divider;\n}\n\n"},{"path":"\\SuiteCommerce SDG\\Suite_Commerce_Base_Theme_ExtraZone@19.2.1\\Modules\\Wizard\\Sass\\_wizard-step.scss","type":"text/x-scss","contents":".wizard-step-header{\n\tmargin-bottom: $sc-margin-lv4;\n}\n\n.wizard-step-message{\n\tdisplay: block;\n\tmargin-bottom: $sc-margin-lv4;\n\n\t@media (min-width: $screen-sm-min){\n\t\ttext-align: right;\n\t}\n}\n\n.wizard-step-button-container{\n\t@include clearfix();\n\tmargin-bottom: $sc-margin-lv6;\n}\n\n.wizard-step-button-continue {\n\n\t@extend .button-large;\n\t@extend .button-primary;\n\tmin-width: 190px;\n\n\t@media (min-width: $screen-sm-min){\n\t\tmargin-left: $sc-margin-lv2;\n\t\tfloat:right;\n\t}\n}\n\n.wizard-step-button-back{\n\n\t@extend .button-large;\n\t@extend .button-secondary;\n\tmargin-top: $sc-margin-lv2;\n\n\t@media (min-width: $screen-sm-min){\n\t\tmargin-top: 0;\n\t\tfloat:right;\n\t}\n}\n\n\n\n"},{"path":"\\SuiteCommerce SDG\\Suite_Commerce_Base_Theme_ExtraZone@19.2.1\\Modules\\Wizard\\Sass\\_wizard.scss","type":"text/x-scss","contents":".wizard-header{\n\t@extend .full-width-column;\n\n\tborder-bottom: 1px solid $sc-color-theme-border-light;\n\tpadding-bottom: $sc-margin-lv1;\n\tmargin-bottom: $sc-margin-lv4;\n\n\t@media (min-width: $screen-sm-min){\n\t\tmargin-bottom: $sc-margin-lv6;\n\t}\n}\n\n.wizard-header-title{\n\tmargin-bottom: $sc-margin-lv2;\n}\n\n\n\n\n\n"},{"path":"\\SuiteCommerce SDG\\Suite_Commerce_Base_Theme_ExtraZone@19.2.1\\Modules\\Wizard\\Templates\\wizard_module.tpl","type":"application/vnd.groove-tool-template","contents":"<h2>Module Name</h2>\n\n{{!----\nThe context variables for this template are not currently documented. Use the {{log this}} helper to view the context variables in the Console of your browser's developer tools.\n\n----}}\n"},{"path":"\\SuiteCommerce SDG\\Suite_Commerce_Base_Theme_ExtraZone@19.2.1\\Modules\\Wizard\\Templates\\wizard_step_navigation.tpl","type":"application/vnd.groove-tool-template","contents":"<div class=\"wizard-step-navigation\">\n\n\t{{#if showBackButton}}\n\t<a data-action=\"previous-step\" class=\"wizard-step-navigation-back\">\n\t\t<i class=\"wizard-step-navigation-back-icon\"></i>\n\t\t{{translate 'Previous'}}\n\t</a>\n\t{{/if}}\n\n\t<ol class=\"wizard-step-navigation-menu\">\n\t{{#each stepGroups}}\n\t\t{{#unless @first}}\n\t\t\t<li class=\"wizard-step-navigation-divider wizard-step-navigation-divider-{{@index}}\">/</li>\n\t\t{{/unless}}\n\n\t\t<li class=\"wizard-step-navigation-step wizard-step-navigation-step-{{@index}}\">\n\t\t\t<a class=\"wizard-step-navigation-step-anchor {{listItemClass}}\" href=\"{{linkUrl}}\">\n\n\t\t\t\t{{counter}}<span class=\"wizard-step-navigation-step-anchor-label\">{{name}}</span>\n\t\t\t</a>\n\t\t</li>\n\t{{/each}}\n\t</ol>\n\n</div>\n\n\n\n{{!----\nUse the following context variables when customizing this template: \n\t\n\tstepGroups (Array)\n\terrors (Array)\n\tshowBackButton (Boolean)\n\n----}}\n"},{"path":"\\SuiteCommerce SDG\\Suite_Commerce_Base_Theme_ExtraZone@19.2.1\\Modules\\Wizard\\Templates\\wizard_step.tpl","type":"application/vnd.groove-tool-template","contents":"{{#if showTitle}}\n<header class=\"wizard-step-header\">\n\t<h2 data-type=\"wizard-step-name-container\" class=\"wizard-step-title\">{{title}}</h2>\n</header>\n{{/if}}\n\n<div data-type=\"alert-placeholder-step\"></div>\n\n<section id=\"wizard-step-content\" class=\"wizard-step-content-main\">\n</section>\n\n<div class=\"wizard-step-actions\">\n\n\t{{#if showBottomMessage}}\n\t<small class=\"wizard-step-message {{bottomMessageClass}}\">\n\t\t{{bottomMessage}}\n\t</small>\n\t{{/if}}\n\n\t<div class=\"wizard-step-button-container\">\n\n\t\t{{#if showContinueButton}}\n\t\t<button class=\"wizard-step-button-continue\" data-action=\"submit-step\">\n\t\t\t{{continueButtonLabel}}\n\t\t</button>\n\t\t{{/if}}\n\t\t<button class=\"wizard-step-button-back\" {{#unless showBackButton}}style=\"display:none;\"{{/unless}} data-action=\"previous-step\">\n\t\t\t{{translate 'Back'}}\n\t\t</button>\n\t</div>\n</div>\n\n{{!----\nThe context variables for this template are not currently documented. Use the {{log this}} helper to view the context variables in the Console of your browser's developer tools.\n\n----}}\n"},{"path":"\\SuiteCommerce SDG\\Suite_Commerce_Base_Theme_ExtraZone@19.2.1\\Modules\\Wizard\\Templates\\wizard.tpl","type":"application/vnd.groove-tool-template","contents":"{{#if showBreadcrumb}}\n<header class=\"wizard-header\">\n\t<h1 class=\"wizard-header-title\">{{translate 'Checkout'}}</h1>\n\t<div data-view=\"Wizard.StepNavigation\"></div>\n</header>\n{{/if}}\n<div id=\"wizard-content\" class=\"wizard-content\"></div>\n\n\n\n{{!----\nUse the following context variables when customizing this template: \n\t\n\tshowBreadcrumb (Boolean)\n\n----}}\n"},{"path":"\\SuiteCommerce SDG\\Suite_Commerce_Base_Theme_ExtraZone@19.2.1\\Skins\\skin1.json","type":"application/json","contents":"{\n\"$sc-color-body-background\": \"white\",\n\"$sc-button-primary-text-color\": \"white\",\n\"$sc-button-primary-hover-text-color\": \"white\",\n\"$sc-button-primary-active-text-color\": \"white\",\n\"$sc-button-primary-text-transform\": \"none\",\n\"$sc-button-secondary-text-color\": \"white\",\n\"$sc-button-secondary-hover-text-color\": \"white\",\n\"$sc-button-secondary-active-text-color\": \"white\",\n\"$sc-button-secondary-text-transform\": \"none\",\n\"$sc-button-tertiary-hover-text-color\": \"white\",\n\"$sc-button-tertiary-active-text-color\": \"white\",\n\"$sc-button-tertiary-text-transform\": \"none\",\n\"$sc-button-large-line-height\": \"1\",\n\"$sc-button-large-letter-spacing\": \"1px\",\n\"$sc-button-large-mobile-width\": \"100%\",\n\"$sc-button-large-desktop-width\": \"auto\",\n\"$sc-button-medium-line-height\": \"1\",\n\"$sc-button-medium-letter-spacing\": \"0.5px\",\n\"$sc-button-medium-mobile-width\": \"100%\",\n\"$sc-button-medium-desktop-width\": \"auto\",\n\"$sc-button-small-line-height\": \"1\",\n\"$sc-button-small-letter-spacing\": \"normal\",\n\"$sc-button-small-mobile-width\": \"auto\",\n\"$sc-button-small-desktop-width\": \"auto\",\n\"$sc-body-line-height\": \"1.6\",\n\"$sc-h1-line-height\": \"1.2\",\n\"$sc-h2-line-height\": \"1.2\",\n\"$sc-h3-letter-spacing\": \"0\",\n\"$sc-h4-line-height\": \"1.4\",\n\"$sc-h5-line-height\": \"1.4\",\n\"$sc-h6-line-height\": \"1.4\",\n\"$sc-blockquote-line-height\": \"1.6\",\n\"$sc-color-primary\": \"#e23200\",\n\"$sc-color-secondary\": \"#15607b\",\n\"$sc-neutral-shade\": \"#4D5256\",\n\"$sc-color-theme\": \"#97CCDF\",\n\"$sc-color-link\": \"#0067b9\",\n\"$sc-color-link-active\": \"#0067b9\"\n}"},{"path":"\\SuiteCommerce SDG\\Suite_Commerce_Base_Theme_ExtraZone@19.2.1\\Skins\\skin2.json","type":"application/json","contents":"{\n\"$sc-color-body-background\": \"white\",\n\"$sc-button-primary-text-color\": \"white\",\n\"$sc-button-primary-hover-text-color\": \"white\",\n\"$sc-button-primary-active-text-color\": \"white\",\n\"$sc-button-primary-text-transform\": \"none\",\n\"$sc-button-secondary-text-color\": \"white\",\n\"$sc-button-secondary-hover-text-color\": \"white\",\n\"$sc-button-secondary-active-text-color\": \"white\",\n\"$sc-button-secondary-text-transform\": \"none\",\n\"$sc-button-tertiary-hover-text-color\": \"white\",\n\"$sc-button-tertiary-active-text-color\": \"white\",\n\"$sc-button-tertiary-text-transform\": \"none\",\n\"$sc-button-large-line-height\": \"1\",\n\"$sc-button-large-letter-spacing\": \"1px\",\n\"$sc-button-large-mobile-width\": \"100%\",\n\"$sc-button-large-desktop-width\": \"auto\",\n\"$sc-button-medium-line-height\": \"1\",\n\"$sc-button-medium-letter-spacing\": \"0.5px\",\n\"$sc-button-medium-mobile-width\": \"100%\",\n\"$sc-button-medium-desktop-width\": \"auto\",\n\"$sc-button-small-line-height\": \"1\",\n\"$sc-button-small-letter-spacing\": \"normal\",\n\"$sc-button-small-mobile-width\": \"auto\",\n\"$sc-button-small-desktop-width\": \"auto\",\n\"$sc-body-line-height\": \"1.6\",\n\"$sc-h1-line-height\": \"1.2\",\n\"$sc-h2-line-height\": \"1.2\",\n\"$sc-h3-letter-spacing\": \"0\",\n\"$sc-h4-line-height\": \"1.4\",\n\"$sc-h5-line-height\": \"1.4\",\n\"$sc-h6-line-height\": \"1.4\",\n\"$sc-blockquote-line-height\": \"1.6\",\n\"$sc-color-primary\": \"#32e200\",\n\"$sc-color-secondary\": \"#157b60\",\n\"$sc-neutral-shade\": \"#4D5256\",\n\"$sc-color-theme\": \"#97dfcc\",\n\"$sc-color-link\": \"#00b967\",\n\"$sc-color-link-active\": \"#00b967\"\n}"}],"deployment_time":1613661710286}